id,popularity_weight,location,text,date
1030192091220127746,2,"New Port Richey, FL","@boilerblondie Hi Brittany. Pasco County Customer Service can help: 727-847-2411. If you are asking about the red tide issue, we do not have any reports of it near Pasco but we are continuing to monitor the issue.. ",2018-08-16 20:38:29
1032022080781467648,2,"Tampa, FL",Shrimpers in Pasco County struggling as red tide devastates fishing industry . https   www wfla com news pasco county shrimpers in pasco county struggling as red tide devastates fishing industry 1386205140,2018-08-21 21:50:12
1032065488883539968,0,"Clearwater, Florida",Pasco County shrimpers worry about red tide that's already cutting their incomes.  @WFLA . https   www wfla com news pasco county pasco shrimpers incomes cut by red tide 1386641118,2018-08-22 00:42:42
1032296767637864448,0,"Clearwater, Florida",Pasco shrimpers' incomes cut by red tide . https   www wfla com news pasco county pasco shrimpers incomes cut by red tide 1386641118,2018-08-22 16:01:43
1032301205698093057,1,"Clearwater, Florida",Pasco shrimpers' incomes cut by red tide. Bait shops not buying.  . https   www wfla com news pasco county pasco shrimpers incomes cut by red tide 1386641118,2018-08-22 16:19:21
1032597893348241409,0,Jamaica,#Redtide üö®  . https   www wfla com news pasco county shrimpers in pasco county struggling as red tide devastates fishing industry 1386205140,2018-08-23 11:58:17
1034002598909628416,0,"Tampa Bay, FL","Historic home burns in Pasco county, the latest on red tide and where to vote tomorrow in the Dove Daily Update

#DoveDailyUpdate #stilthouse #Pasco #redtide #FWC #Mondaymotivation . https   twitter com 1055WDUV status 1034002598909628416 photo 1",2018-08-27 09:00:05
1039955662606934020,0,"Michigan, USA",@PascoSheriff How is the Red Tide situation up in Pasco County now???. ,2018-09-12 19:15:26
1040715718705258497,3,"Tampa, Florida",Latest red tide map shows bloom stretches along length of Pinellas County . https   on wtsp com 2xkIZqU,2018-09-14 21:35:37
1040727508239491072,3,Tampa Bay,RT @10NewsWTSP: Latest red tide map shows bloom stretches along length of Pinellas County . https   on wtsp com 2xkIZqU,2018-09-14 22:22:28
1040895781354520576,3,,RT @10NewsWTSP: Latest red tide map shows bloom stretches along length of Pinellas County . https   on wtsp com 2xkIZqU,2018-09-15 09:31:07
1040960463658541058,3,"Tampa, FL USA",RT @10NewsWTSP: Latest red tide map shows bloom stretches along length of Pinellas County . https   on wtsp com 2xkIZqU,2018-09-15 13:48:09
1042894921705906176,1,,"I wonder if Tampa Bay conservatives will give a shit about red tide when it starts affecting tourism in Hillsborough county-or better yet the coastal towns in deep red Pasco county. Probably not, because then they‚Äôd have to hold themselves accountable and we can‚Äôt have that.. ",2018-09-20 21:55:00
1042895283699556352,1,,"Clearwater Beach is beautiful, and it angers me that the beach is being destroyed and endangered animals are dying because we decided to vote *twice* for a governor that put rich peoples interests above the planet we all live on. And everyone who voted for Rick Scott is to blame.. ",2018-09-20 21:56:26
1042896637360857094,1,,"And no I don‚Äôt want to hear about how it‚Äôs ‚Äúthe fault of Washington‚Äù or ‚Äúoh, we‚Äôve had smaller red tides so Rick Scott isn‚Äôt at fault‚Äù. Rick Scott allowed big corporations to dump waste into our waters and this waste led to the worst red tide crisis in years. He. Is. At. Fault.. ",2018-09-20 22:01:49
1043903334942478338,1,Florida,I hunt down and remove floating plastic from the ocean. Want to see me fight the good fight? Maybe you can help too! #whales #animals #oceans #florida #redtide #pascocounty #pinellascounty #pollution . https   www youtube com watch,2018-09-23 16:42:04
1044173410643972096,1,"Tampa, Florida","Federal disaster loans now available to Pinellas, Pasco county businesses impacted by red tide  . https   on wtsp com 2Q2ULOG. https   twitter com 10NewsWTSP status 1044173410643972096 photo 1",2018-09-24 10:35:15
1044175636061810688,0,"St Petersburg, FL","Federal disaster loans now available to Pinellas, Pasco county businesses impacted by red tide  #10news #news #wtsp . https   www wtsp com article news red tide federal disaster loans now available to pinellas pasco county businesses impacted by red tide 67 597512847. https   twitter com brandonpromo status 1044175636061810688 photo 1",2018-09-24 10:44:06
1044176929883140097,1,,"RT @10NewsWTSP: Federal disaster loans now available to Pinellas, Pasco county businesses impacted by red tide  . https   on wtsp com 2Q2ULOG. https   twitter com 10NewsWTSP status 1044173410643972096 photo 1",2018-09-24 10:49:14
1044177126197538816,4,"Tampa, FL","Federal @SBAgov disaster low-interest loans now available to #Pinellas, #Pasco county businesses impacted by #redtide. Same loans made avail to #Manatee, #Sarasota county biz's earlier this month.  @10NewsWTSP . https   www wtsp com article news red tide federal disaster loans now available to pinellas pasco county businesses impacted by red tide 67 597512847. https   twitter com joshsidorowicz status 1044177126197538816 video 1",2018-09-24 10:50:01
1044177526099267586,2,"Tampa, Florida","RT @joshsidorowicz: Federal @SBAgov disaster low-interest loans now available to #Pinellas, #Pasco county businesses impacted by #redtide. Same loans made avail to #Manatee, #Sarasota county biz's earlier this month.  @10NewsWTSP . https   www wtsp com article news red tide federal disaster loans now available to pinellas pasco county businesses impacted by red tide 67 597512847. https   twitter com joshsidorowicz status 1044177126197538816 video 1",2018-09-24 10:51:36
1044180979420733440,1,"Tampa, Florida","Federal disaster loans now available to Pinellas, Pasco county businesses impacted by red tide  . https   on wtsp com 2PYuWyY. https   twitter com 10NewsWTSP status 1044180979420733440 photo 1",2018-09-24 11:05:20
1044202243195637761,1,"St Petersburg, FL","RT @10NewsWTSP: Federal disaster loans now available to Pinellas, Pasco county businesses impacted by red tide  . https   on wtsp com 2PYuWyY. https   twitter com 10NewsWTSP status 1044180979420733440 photo 1",2018-09-24 12:29:49
1044282175061983232,2,"Washington, D.C.","RT @joshsidorowicz: Federal @SBAgov disaster low-interest loans now available to #Pinellas, #Pasco county businesses impacted by #redtide. Same loans made avail to #Manatee, #Sarasota county biz's earlier this month.  @10NewsWTSP . https   www wtsp com article news red tide federal disaster loans now available to pinellas pasco county businesses impacted by red tide 67 597512847. https   twitter com joshsidorowicz status 1044177126197538816 video 1",2018-09-24 17:47:27
1045022087054848000,2,"Tampa, FL",A restriction on fishing for red drum and snook was extended to next spring and will now stretch north to Pasco County:  . http   www fox13news com news local news fishing restriction extended amid red tide woes. https   twitter com FOX13News status 1045022087054848000 photo 1,2018-09-26 18:47:35
1045066394667290624,1,,RT @FOX13News: A restriction on fishing for red drum and snook was extended to next spring and will now stretch north to Pasco County:  . http   www fox13news com news local news fishing restriction extended amid red tide woes. https   twitter com FOX13News status 1045022087054848000 photo 1,2018-09-26 21:43:39
1045278737384787968,8,"Tampa, FL","As red tide continues to kill fish along Florida's Gulf coast, @MyFWC extends its ""catch and release"" order north through Pinellas and Pasco counties. Redfish and snook should be returned to sea if caught. . https   twitter com EmeraldMorrow status 1045278737384787968 video 1",2018-09-27 11:47:25
1045279040796610560,4,"Tampa, Florida","RT @EmeraldMorrow: As red tide continues to kill fish along Florida's Gulf coast, @MyFWC extends its ""catch and release"" order north through Pinellas and Pasco counties. Redfish and snook should be returned to sea if caught. . https   twitter com EmeraldMorrow status 1045278737384787968 video 1",2018-09-27 11:48:38
1045283348707516416,4,"Clearwater, Florida","RT @EmeraldMorrow: As red tide continues to kill fish along Florida's Gulf coast, @MyFWC extends its ""catch and release"" order north through Pinellas and Pasco counties. Redfish and snook should be returned to sea if caught. . https   twitter com EmeraldMorrow status 1045278737384787968 video 1",2018-09-27 12:05:45
1045320600191991808,1,"Pasco County, Florida",Was your business affected by red tide? The SBA has small loans that can help. A Pasco satellite office will be opening next week for those affected and interested in this program. We will let you know as soon as we have location and times confirmed. . https   www wtsp com article news red tide federal disaster loans now available to pinellas pasco county businesses impacted by red tide 67 597512847,2018-09-27 14:33:46
1045351533318221830,4,,"RT @EmeraldMorrow: As red tide continues to kill fish along Florida's Gulf coast, @MyFWC extends its ""catch and release"" order north through Pinellas and Pasco counties. Redfish and snook should be returned to sea if caught. . https   twitter com EmeraldMorrow status 1045278737384787968 video 1",2018-09-27 16:36:41
1045367056902889472,2,"Pasco County, Florida","**Update**

SBA will be at the West Pasco Entrepreneur Center starting Tuesday, October 2 at 9:00 am. 

Location:
4532 US HIGHWAY 19
NEW PORT RICHEY, FL 34652

Times: 
Tuesday- Friday 9:00 am - 6:00 pm 
Saturday: 10:00 am - 2:00 pm. ",2018-09-27 17:38:23
1045792329544724480,1,"Tampa, FL","UPDATE: Red tide conditions improve in Pinellas, Manatee and Sarasota counties; very low concentrations observed in Pasco County #redtide  . https   www wfla com 1483000382. https   twitter com WFLA status 1045792329544724480 photo 1",2018-09-28 21:48:15
1047124203856715777,0,"Florida, USA",.@SBAgov opens Business Recovery Center in Pasco County for #smallbiz impacted by red tide algal bloom l Read more ---&gt; . https   www sba gov offices disaster dfoce resources 1628246,2018-10-02 14:00:39
1047129576927838208,0,"Tampa, FL","Starting today the Small Business Association is in Pasco to help owners fill out federal disaster loans. @PascoEDC Location: West Pasco Entrepreneur Center 4532 US Hwy 19, NPR Fl. Tuesday- Friday 9am - 6pm; Sat: 10am - 2pm More info here: @10NewsWTSP . https   www wtsp com article news red tide federal disaster loans now available to pinellas pasco county businesses impacted by red tide 67 597512847",2018-10-02 14:22:00
1051902297465376768,19,"Spring Hill, FL",BABY TURTLES RESCUED AFTER HURRICANE! Nearly 100 Diamond Back Terrapin hatchings washed up in a large seaweed mass on a Pasco County beach after Hurricane Michael. They are safe and will be released when the red tide subsides. @abcactionnews #digitalshort . https   twitter com Wendilanetv status 1051902297465376768 video 1,2018-10-15 18:27:05
1051904863435743233,4,Tampa,RT @Wendilanetv: BABY TURTLES RESCUED AFTER HURRICANE! Nearly 100 Diamond Back Terrapin hatchings washed up in a large seaweed mass on a Pasco County beach after Hurricane Michael. They are safe and will be released when the red tide subsides. @abcactionnews #digitalshort . https   twitter com Wendilanetv status 1051902297465376768 video 1,2018-10-15 18:37:17
1051907003529003009,4,"St Petersburg, FL",RT @Wendilanetv: BABY TURTLES RESCUED AFTER HURRICANE! Nearly 100 Diamond Back Terrapin hatchings washed up in a large seaweed mass on a Pasco County beach after Hurricane Michael. They are safe and will be released when the red tide subsides. @abcactionnews #digitalshort . https   twitter com Wendilanetv status 1051902297465376768 video 1,2018-10-15 18:45:47
1051924385324519429,4,,RT @Wendilanetv: BABY TURTLES RESCUED AFTER HURRICANE! Nearly 100 Diamond Back Terrapin hatchings washed up in a large seaweed mass on a Pasco County beach after Hurricane Michael. They are safe and will be released when the red tide subsides. @abcactionnews #digitalshort . https   twitter com Wendilanetv status 1051902297465376768 video 1,2018-10-15 19:54:51
1051925216354598916,4,,RT @Wendilanetv: BABY TURTLES RESCUED AFTER HURRICANE! Nearly 100 Diamond Back Terrapin hatchings washed up in a large seaweed mass on a Pasco County beach after Hurricane Michael. They are safe and will be released when the red tide subsides. @abcactionnews #digitalshort . https   twitter com Wendilanetv status 1051902297465376768 video 1,2018-10-15 19:58:10
1062040419503144960,0,Trumpland USA ,"RED TIDE IS VERY SEVERE YET ALL THE WAY UP TO PASCO COUNTY FL. RESPIRATORY PROBLEMS. THE SAND ALSO HAS IT IN IT, REMEMBER THAT. It is not good to be around it, especially if you are older. CITRUS COUNTY ALSO STILL REPORTING RED TIDE.. ",2018-11-12 17:52:22
1062806174142210052,3,"Panama City Beach, Florida","Florida Fish and Wildlife officials just released a mid-week Red Tide report. They say over the past week, K. brevis was observed in or offshore of Escambia, Santa Rosa, Okaloosa, Bay, Franklin, and Pasco counties. ‚ÄúMedium‚Äù concentrations were observed in Santa Rosa County. . https   twitter com WJHG_TV status 1062806174142210052 photo 1",2018-11-14 20:35:12
1062806445467541510,2,bunker ,"RT @WJHG_TV: Florida Fish and Wildlife officials just released a mid-week Red Tide report. They say over the past week, K. brevis was observed in or offshore of Escambia, Santa Rosa, Okaloosa, Bay, Franklin, and Pasco counties. ‚ÄúMedium‚Äù concentrations were observed in Santa Rosa County. . https   twitter com WJHG_TV status 1062806174142210052 photo 1",2018-11-14 20:36:17
1063803950984511488,2,"Boca Grande, FL","RT @WJHG_TV: Florida Fish and Wildlife officials just released a mid-week Red Tide report. They say over the past week, K. brevis was observed in or offshore of Escambia, Santa Rosa, Okaloosa, Bay, Franklin, and Pasco counties. ‚ÄúMedium‚Äù concentrations were observed in Santa Rosa County. . https   twitter com WJHG_TV status 1062806174142210052 photo 1",2018-11-17 14:40:01
1067486160954507265,1,Florida Keys,"Snook, as well as redfish, remain catch-and-release only in state waters from the Hernando/Pasco county line through Gordon Pass in Collier County (includes Tampa Bay and Hillsborough County) through May 10, 2019, in response to the impacts of red tide. . https   floridakeystreasures com snook season closure gulf everglades florida key starts 12 1",2018-11-27 18:31:48
1069513272246849536,0,"Tampa Bay, FL","Scam in Pasco County and is red tide gone?

#DoveDailyUpdate #PCSO #DukeEnergy #RedTide

 . https   www wduv com news breaking news scam hitting pasco county residents 1t5HrSDrGlMUfi7uLpiAxM. https   twitter com 1055WDUV status 1069513272246849536 photo 1",2018-12-03 08:46:49
1082219669996617728,3,"Cleveland, OH","#GoodMorningSuncoast! Here are your Monday headlines:

- Fatal accident this morning on US 41 in Osprey. Northbound lanes CLOSED.
- Federal gov't shutdown is affecting red tide monitoring
- Another body is found, believed to be connected to Port Richey triple murder

@mysuncoast. ",2019-01-07 10:17:30
1082219759519834112,1,"Sarasota, Florida","RT @JessDoudrick: #GoodMorningSuncoast! Here are your Monday headlines:

- Fatal accident this morning on US 41 in Osprey. Northbound lanes CLOSED.
- Federal gov't shutdown is affecting red tide monitoring
- Another body is found, believed to be connected to Port Richey triple murder

@mysuncoast. ",2019-01-07 10:17:51
1092774341983514625,1,"Boca Grande, FL","Some good news for a change. ""More than 10.000 juvenile and adults redfish will be released this month along the Gulf Coast in areas that were impacted by #redtide, starting in Pasco County.""

. http   ed gr bbpvq",2019-02-05 13:18:00
1092805811523465216,13,"Florida, USA","It's a great day for a fish release! @DukeEnergy donated 16,000+ redfish that will be released on the west coast of #FL in the coming weeks following recent #redtide occurrence. Today's the 1st in #Pasco County. Thanks to partnership with @CCANational @MyFWClife! . https   twitter com DE_PeveetaP status 1092805811523465216 photo 1",2019-02-05 15:23:03
1092805952087252997,3,,"RT @DE_PeveetaP: It's a great day for a fish release! @DukeEnergy donated 16,000+ redfish that will be released on the west coast of #FL in the coming weeks following recent #redtide occurrence. Today's the 1st in #Pasco County. Thanks to partnership with @CCANational @MyFWClife! . https   twitter com DE_PeveetaP status 1092805811523465216 photo 1",2019-02-05 15:23:36
1092835934356283394,23,"Tampa, FL",". @cca_florida @DukeEnergy @MyFWC are releasing 16,000 redfish along #Florida‚Äôs #GulfCoast to help with recovery from last year‚Äôs #RedTide. The effort started in #PascoCounty at #BrasherPark in #PortRichey. @BN9 . https   twitter com SarahBlazonis status 1092835934356283394 video 1",2019-02-05 17:22:45
1092837105607286784,5,Tampa Bay area,"RT @SarahBlazonis: . @cca_florida @DukeEnergy @MyFWC are releasing 16,000 redfish along #Florida‚Äôs #GulfCoast to help with recovery from last year‚Äôs #RedTide. The effort started in #PascoCounty at #BrasherPark in #PortRichey. @BN9 . https   twitter com SarahBlazonis status 1092835934356283394 video 1",2019-02-05 17:27:24
1092837146606616576,12,"Tampa, FL",This is one of the 25 adult fish released today. They were donated by the @DukeEnergy Mariculture Center in #CrystalRiver. @BN9 . https   twitter com SarahBlazonis status 1092837146606616576 video 1,2019-02-05 17:27:34
1092837493844643840,5,Florida,"RT @SarahBlazonis: . @cca_florida @DukeEnergy @MyFWC are releasing 16,000 redfish along #Florida‚Äôs #GulfCoast to help with recovery from last year‚Äôs #RedTide. The effort started in #PascoCounty at #BrasherPark in #PortRichey. @BN9 . https   twitter com SarahBlazonis status 1092835934356283394 video 1",2019-02-05 17:28:57
1092838686868365312,12,"Tampa, FL","About 2,000 juvenile redfish were released. Upcoming releases will take place in #Hillsborough, #Pinellas, #Sarasota, #Charlotte, #Lee, #Collier, and #Manatee Counties. @BN9 . https   twitter com SarahBlazonis status 1092838686868365312 video 1",2019-02-05 17:33:41
1092839537108234242,5,"Tampa, FL",I‚Äôll have more details on how it‚Äôs hoped these little guys can help with #RedTide recovery coming up on @BN9 at 5:00. . https   twitter com SarahBlazonis status 1092839537108234242 video 1,2019-02-05 17:37:04
1092847528159182848,5,united states,"RT @SarahBlazonis: . @cca_florida @DukeEnergy @MyFWC are releasing 16,000 redfish along #Florida‚Äôs #GulfCoast to help with recovery from last year‚Äôs #RedTide. The effort started in #PascoCounty at #BrasherPark in #PortRichey. @BN9 . https   twitter com SarahBlazonis status 1092835934356283394 video 1",2019-02-05 18:08:49
1092928391521685508,5,,"RT @SarahBlazonis: . @cca_florida @DukeEnergy @MyFWC are releasing 16,000 redfish along #Florida‚Äôs #GulfCoast to help with recovery from last year‚Äôs #RedTide. The effort started in #PascoCounty at #BrasherPark in #PortRichey. @BN9 . https   twitter com SarahBlazonis status 1092835934356283394 video 1",2019-02-05 23:30:08
1092984428429754368,3,"Ocala, FL","RT @DE_PeveetaP: It's a great day for a fish release! @DukeEnergy donated 16,000+ redfish that will be released on the west coast of #FL in the coming weeks following recent #redtide occurrence. Today's the 1st in #Pasco County. Thanks to partnership with @CCANational @MyFWClife! . https   twitter com DE_PeveetaP status 1092805811523465216 photo 1",2019-02-06 03:12:49
1093343199198875648,3,"Greenwood, IN","RT @DE_PeveetaP: It's a great day for a fish release! @DukeEnergy donated 16,000+ redfish that will be released on the west coast of #FL in the coming weeks following recent #redtide occurrence. Today's the 1st in #Pasco County. Thanks to partnership with @CCANational @MyFWClife! . https   twitter com DE_PeveetaP status 1092805811523465216 photo 1",2019-02-07 02:58:26
1093453930175049728,1,"Michigan, USA","RT @HelpFloridaHeal: Some good news for a change. ""More than 10.000 juvenile and adults redfish will be released this month along the Gulf Coast in areas that were impacted by #redtide, starting in Pasco County.""

. http   ed gr bbpvq",2019-02-07 10:18:27
1093551239328161792,2,"Treasure Coast, Florida","Groups ultimately hope to release 16,000 redfish in Pasco, Hillsborough, Sarasota, Charlotte, Lee and Collier counties. . https   www tcpalm com story opinion editorials 2019 02 07 redfish restocking red tide recovery begins thumb up 2792988002",2019-02-07 16:45:07
1093629175846617090,1,"Pasco County, FL",Pasco County is one of the counties they are releasing Redfish into!  #redfish #fishinglife . https   www aol com article news 2019 02 05 florida releases 16k redfish in places affected by red tide 23662324,2019-02-07 21:54:48
1095099914995097602,0,"Boca Grande, FL",See the juvenile #redfish being released into Pasco county waters. #redtide #helpfloridaheal. ,2019-02-11 23:19:00
1096874208481763328,0,"chiefland, florida","16,000 redfish to be released along Florida coast to help repopulate after red tide . https   www abcactionnews com news region pasco 16 000 redfish to be released along florida coast to help repopulate after red tide",2019-02-16 20:49:24
1096962950798168065,0,"Naples, FL","16,000 redfish to be released along Florida coast to help repopulate after red tide . https   www abcactionnews com news region pasco 16 000 redfish to be released along florida coast to help repopulate after red tide",2019-02-17 02:42:02
1112821978849861633,0,"Tampa, FL","Die-off from #redtide was no joke. Remember #snook are #catchandrelease from the Pasco/Hernando county line through Gordon Pass in Collier County through Aug. 31, 2019. #conservation‚Ä¶ . https   www instagram com p BvuitNLgM3A",2019-04-01 21:00:09
1123717231056171010,0,"Sarasota, Florida","The conservation measures for red drum, snook and spotted seatrout will apply from the Pasco-Hernando county line south (including all waters of Tampa Bay) through Gordon Pass in Collier County . http   www mysuncoast com 2019 05 01 breaking fwc extends catch release until may due red tide",2019-05-01 22:34:00
1173413702734897153,0,Santa Rosa Beach Florida," UPDATE ('Patchy' red tide persists across state) #30a Over the past week in Northwest Florida, red tide was observed in or offshore of Escambia, Santa Rosa, Walton, Bay, Gulf, and Pasco... - . https   30A NEWS. http   30a news 2018 10 10 patchy red tide persists across state",2019-09-16 01:50:02
1192160032114270208,0,SOHAPPYurSOJEALOUSInAnAtticLol,"I got my sea legs before I even got my land legs. The problem is the red tide that crept up here unexpectedly. OF COURSE!! I hope it hasn‚Äôt made its way to New Port Richey. Wanna go out for a day on my favorite üé£ boat there, and take a trip out to St. Augustine while I‚Äôm here.. ",2019-11-06 19:21:15
1199024956979523584,4,"Tampa, FL","#Redtide is again causing fish kills along Florida's Gulf coast. And as the fishery works to recover from last year's event, snook, red drum and spotted seatrout are all catch and release from Pasco County down to Collier County. . https   wusfnews wusf usf edu environment 2019 11 25 red tide affects gulf coast fishing through the holidays",2019-11-25 18:00:01
1199032062423924736,4,"Tampa, FL","RT @wusf: #Redtide is again causing fish kills along Florida's Gulf coast. And as the fishery works to recover from last year's event, snook, red drum and spotted seatrout are all catch and release from Pasco County down to Collier County. . https   wusfnews wusf usf edu environment 2019 11 25 red tide affects gulf coast fishing through the holidays",2019-11-25 18:28:15
1199284766383759363,4,"Tampa, Florida","RT @wusf: #Redtide is again causing fish kills along Florida's Gulf coast. And as the fishery works to recover from last year's event, snook, red drum and spotted seatrout are all catch and release from Pasco County down to Collier County. . https   wusfnews wusf usf edu environment 2019 11 25 red tide affects gulf coast fishing through the holidays",2019-11-26 11:12:24
1199328338067808256,0,"Tampa, FL","Snook, red drum and spotted seatrout are all catch and release from Pasco County down to Collier County.

The regulation from state wildlife officials will last until spring of 2020 because of toxic red tide algae blooms in west coast waters.

. https   health wusf usf edu post red tide affects gulf coast fishing through holidays stream 0",2019-11-26 14:05:32
1199705446052966401,4,,"RT @wusf: #Redtide is again causing fish kills along Florida's Gulf coast. And as the fishery works to recover from last year's event, snook, red drum and spotted seatrout are all catch and release from Pasco County down to Collier County. . https   wusfnews wusf usf edu environment 2019 11 25 red tide affects gulf coast fishing through the holidays",2019-11-27 15:04:02
1199737431261679618,4,Florida,"RT @wusf: #Redtide is again causing fish kills along Florida's Gulf coast. And as the fishery works to recover from last year's event, snook, red drum and spotted seatrout are all catch and release from Pasco County down to Collier County. . https   wusfnews wusf usf edu environment 2019 11 25 red tide affects gulf coast fishing through the holidays",2019-11-27 17:11:08
1208786446351511554,1,ATL - RDU - DC,"Florida has this thing called Red Tide... google it.

Furthermore Zephyrhills (20 mins from tampa) water is actually in pasco county where all the meth heads and weirdos live.

They package that water and brand it as pristine. . https   twitter com smittman10 status 1208784906014404608",2019-12-22 16:28:41
1230293666360676352,0,United States,#RedTide toll prompts #Florida to limit some fishing to catch-and-release #Hernando #Pasco . http   a msn com 01 en us BB10aUh2,2020-02-20 00:50:42
1291426441431834625,0,"Stuart, FL","Snook, redfish and spotted seatrout catch-and-release only in areas affected by red tide through May 31, 2021. This includes all waters from Gordon Pass in Collier County north through Pasco County.

 . https   myfwc com news all news extended cnr 220. https   twitter com jtekmarine status 1291426441431834625 photo 1",2020-08-06 17:30:31
1296615529994530816,0,"Riverside, CA","red algae bloom that they spread in the ocean that killed off all of the fish. By 2006, the year I departed, it had killed off every single fish for 40 miles out, from Sarasota all the way north to New Port Richey. One of my jobs was picking up the piles of dead fish on the beach. ",2020-08-21 01:10:06
1324574103890759680,0,United States,@SweetFnLucifer So dissaponting  my FL county (Pasco) just a red tide of Trumpist üí©üí©üí©üí©. ,2020-11-06 04:47:30
1407878995899785217,0,USA,"Latest red tide report shows fish #kills in Hillsborough, Pasco, and Pinellas counties - Jun 23 @ 9:49 PM ET . https   oddcrimes com static 2021 06 23 Latest red tide report shows fish kills in Hillsborough Pasco and Pinellas counties php",2021-06-24 01:51:24
1407911359430463498,0,Tampa,"The latest red tide report shows a patchy bloom of the red tide organism, Karenia Brevis, which persists on the Florida Gulf Coast. . https   www abcactionnews com news region pinellas latest red tide report shows fish kills in hillsborough pasco and pinellas counties",2021-06-24 04:00:00
1408032052469960704,9,"St. Petersburg, Florida","The Red Tide blooms that have afflicted the Pinellas beaches and killed tons of fish have reached the coast of Pasco County.
. https   www tampabay com news environment 2021 06 23 those red tide blooms in pinellas just reached the pasco coast",2021-06-24 11:59:35
1408046630444711936,0,,@TB_Times Just think how many people will die from the red tide of socialism and communism you promote daily.. ,2021-06-24 12:57:31
1408096103417843713,3,"Tampa, FL","The red tide blooms persisting along Florida's Gulf coast have now reached Pasco County, according to @MyFWC. @JMMeszaros
. https   wusfnews wusf usf edu environment 2021 06 24 red tide blooms have now reached pasco county",2021-06-24 16:14:06
1408103441201831942,9,en route,"""So far, the county has removed 66.8 tons of ‚ÄúRed Tide-related debris‚Äù ‚Äî mostly marine life killed by Karenia brevis.""

. https   www tampabay com news environment 2021 06 23 those red tide blooms in pinellas just reached the pasco coast",2021-06-24 16:43:16
1408113630432968711,2,"Dunedin, FL","RT @BillWeirCNN: ""So far, the county has removed 66.8 tons of ‚ÄúRed Tide-related debris‚Äù ‚Äî mostly marine life killed by Karenia brevis.""

. https   www tampabay com news environment 2021 06 23 those red tide blooms in pinellas just reached the pasco coast",2021-06-24 17:23:45
1408116573265612804,2,United States,"RT @wusf: The red tide blooms persisting along Florida's Gulf coast have now reached Pasco County, according to @MyFWC. @JMMeszaros
. https   wusfnews wusf usf edu environment 2021 06 24 red tide blooms have now reached pasco county",2021-06-24 17:35:27
1408122263422050305,3,"Tampa, FL",Just in: The FL Dept. Health in Pasco County says red tide is now off the coast of Pasco. There‚Äôs a bloom near Anclote River Park Beach. @BN9 . https   twitter com TimWronka status 1408122263422050305 photo 1,2021-06-24 17:58:03
1408122353679310864,2,"Florida, USA",RT @TimWronka: Just in: The FL Dept. Health in Pasco County says red tide is now off the coast of Pasco. There‚Äôs a bloom near Anclote River Park Beach. @BN9 . https   twitter com TimWronka status 1408122263422050305 photo 1,2021-06-24 17:58:25
1408127968388521999,2,"Tampa, FL",RT @TimWronka: Just in: The FL Dept. Health in Pasco County says red tide is now off the coast of Pasco. There‚Äôs a bloom near Anclote River Park Beach. @BN9 . https   twitter com TimWronka status 1408122263422050305 photo 1,2021-06-24 18:20:44
1408151007192829957,2,Tampa,"RT @wusf: The red tide blooms persisting along Florida's Gulf coast have now reached Pasco County, according to @MyFWC. @JMMeszaros
. https   wusfnews wusf usf edu environment 2021 06 24 red tide blooms have now reached pasco county",2021-06-24 19:52:16
1408234325481566208,1,"Florida, USA","""Red Tide Blooms Have Now Reached Pasco County | WUSF Public Media"" . https   wusfnews wusf usf edu environment 2021 06 24 red tide blooms have now reached pasco county",2021-06-25 01:23:21
1408235388485967872,1,,"RT @JoanPennnative: ""Red Tide Blooms Have Now Reached Pasco County | WUSF Public Media"" . https   wusfnews wusf usf edu environment 2021 06 24 red tide blooms have now reached pasco county",2021-06-25 01:27:35
1408247566354034688,0,,"Beware Gulf Coast, don't go in the water right now. Same for Pasco county at this time. 
  Red Tide continues to move north, Pinellas officials say . https   www tampabay com news environment 2021 06 22 red tide continues to move north pinellas officials say",2021-06-25 02:15:58
1408388280559837184,2,"Tampa, FL","Slowly but surely, red tide is making its way up the coast.  . https   www fox13news com news red tide detected near pasco county",2021-06-25 11:35:07
1408393834585890818,1,Ft Myers FL,"RT @FOX13News: Slowly but surely, red tide is making its way up the coast.  . https   www fox13news com news red tide detected near pasco county",2021-06-25 11:57:11
1408469905192755206,0,Florida,Red Tide Blooms Have Now Reached Pasco County | WUSF Public Media . https   wusfnews wusf usf edu environment 2021 06 24 red tide blooms have now reached pasco county,2021-06-25 16:59:28
1408471160648613904,0,"Boca Raton, FL",Red Tide Blooms Have Now Reached Pasco County . https   wusfnews wusf usf edu environment 2021 06 24 red tide blooms have now reached pasco county,2021-06-25 17:04:27
1408500241528094721,0,"Tampa, FL",".@MyFWC officials say in their midweek report that red tide blooms was reported near Anclote River Park Beach. Over the past week, fish kills suspected to be red tide-related were in Pasco, Pinellas and Hillsborough counties, including @MacDill_AFB.  . https   health wusf usf edu health news florida 2021 06 25 red tide blooms have now reached pasco county. https   twitter com HealthNewsFL status 1408500241528094721 photo 1",2021-06-25 19:00:00
1408534244364853255,1,"Tampa, FL","Slowly but surely, red tide is making its way up the coast.  . https   www fox13news com news red tide detected near pasco county",2021-06-25 21:15:07
1408715445667086338,4,"Tampa, FL","Slowly but surely, red tide is making its way up the coast.  . https   www fox13news com news red tide detected near pasco county",2021-06-26 09:15:09
1409228692761591808,0,,. https   www fox13news com news red tide detected near pasco county amp,2021-06-27 19:14:37
1410210533773434882,5,"New Port Richey, FL","The FWC Fish and Wildlife Research Institute is reporting red tide blooms in #PascoCounty. To learn more, including how to report fish kills, visit:  . https   www facebook com FWCResearch posts 4982464305102929. https   twitter com PascoCountyPIO status 1410210533773434882 photo 1",2021-06-30 12:16:06
1410212425429880843,2,Florida,"RT @PascoCountyPIO: The FWC Fish and Wildlife Research Institute is reporting red tide blooms in #PascoCounty. To learn more, including how to report fish kills, visit:  . https   www facebook com FWCResearch posts 4982464305102929. https   twitter com PascoCountyPIO status 1410210533773434882 photo 1",2021-06-30 12:23:37
1410262001910169601,2,,"RT @PascoCountyPIO: The FWC Fish and Wildlife Research Institute is reporting red tide blooms in #PascoCounty. To learn more, including how to report fish kills, visit:  . https   www facebook com FWCResearch posts 4982464305102929. https   twitter com PascoCountyPIO status 1410210533773434882 photo 1",2021-06-30 15:40:37
1410652719635779587,0,"Fort Myers, Florida","RED TIDE UPDATE: Suspected #redtide-related fish kills were reported in Hillsborough, Pasco, and Pinellas Counties, and suspected red tide-related respiratory problems were reported in Pinellas and Sarasota Counties. #swfl . https   news wgcu org 2021 02 11 red tide report",2021-07-01 17:33:11
1410656726278316032,0,"Tampa, FL","High Levels Of Red Tide Detected In Hillsborough, Pasco Counties  . https   patch com florida newtampa s hnk47 high levels red tide detected hillsborough pasco counties. https   twitter com C21Tampa status 1410656726278316032 photo 1",2021-07-01 17:49:06
1410657476127588354,1,"Tampa, FL","High Levels Of Red Tide Detected In Hillsborough, Pasco Counties  . https   patch com florida southtampa high levels red tide detected hillsborough pasco counties. https   twitter com TampaBaysGuru status 1410657476127588354 photo 1",2021-07-01 17:52:05
1410659984044593152,0,"Palm Harbor, FL","The FWC said the highest concentrations were found at Sunken Island in the Hillsborough Bay, Anclote Key, Sand Key and Snake Key. . https   patch com florida palmharbor s hnk47 high levels red tide detected hillsborough pasco counties",2021-07-01 18:02:03
1410660872821907457,0,"Largo, FL","The FWC said the highest concentrations were found at Sunken Island in the Hillsborough Bay, Anclote Key, Sand Key and Snake Key. . https   patch com florida largo s hnk47 high levels red tide detected hillsborough pasco counties",2021-07-01 18:05:35
1410660872658337796,0,"Dunedin, FL","The FWC said the highest concentrations were found at Sunken Island in the Hillsborough Bay, Anclote Key, Sand Key and Snake Key. . https   patch com florida dunedin s hnk47 high levels red tide detected hillsborough pasco counties",2021-07-01 18:05:35
1410660881193594882,0,"South Tampa, FL","The FWC said the highest concentrations were found at Sunken Island in the Hillsborough Bay, Anclote Key, Sand Key and Snake Key. . https   patch com florida southtampa high levels red tide detected hillsborough pasco counties",2021-07-01 18:05:37
1410660881189515269,0,"Westchase, FL","The FWC said the highest concentrations were found at Sunken Island in the Hillsborough Bay, Anclote Key, Sand Key and Snake Key. . https   patch com florida westchase s hnk47 high levels red tide detected hillsborough pasco counties",2021-07-01 18:05:37
1410661797141569548,0,"Gulfport, FL","The FWC said the highest concentrations were found at Sunken Island in the Hillsborough Bay, Anclote Key, Sand Key and Snake Key. . https   patch com florida gulfport s hnk47 high levels red tide detected hillsborough pasco counties",2021-07-01 18:09:15
1410662694580072453,0,"Seminole Heights, FL","The FWC said the highest concentrations were found at Sunken Island in the Hillsborough Bay, Anclote Key, Sand Key and Snake Key. . https   patch com florida seminoleheights s hnk47 high levels red tide detected hillsborough pasco counties",2021-07-01 18:12:49
1410662692776513541,0,"Clearwater, FL","The FWC said the highest concentrations were found at Sunken Island in the Hillsborough Bay, Anclote Key, Sand Key and Snake Key. . https   patch com florida clearwater s hnk47 high levels red tide detected hillsborough pasco counties",2021-07-01 18:12:49
1410662692701065226,0,"Safety Harbor, FL","The FWC said the highest concentrations were found at Sunken Island in the Hillsborough Bay, Anclote Key, Sand Key and Snake Key. . https   patch com florida safetyharbor s hnk47 high levels red tide detected hillsborough pasco counties",2021-07-01 18:12:49
1410662692487106562,0,"East Lake, FL","The FWC said the highest concentrations were found at Sunken Island in the Hillsborough Bay, Anclote Key, Sand Key and Snake Key. . https   patch com florida eastlake s hnk47 high levels red tide detected hillsborough pasco counties",2021-07-01 18:12:49
1410663590059782146,0,"Lutz, FL","The FWC said the highest concentrations were found at Sunken Island in the Hillsborough Bay, Anclote Key, Sand Key and Snake Key. . https   patch com florida lutz s hnk47 high levels red tide detected hillsborough pasco counties",2021-07-01 18:16:23
1410663590026264578,0,"Carrollwood, FL","The FWC said the highest concentrations were found at Sunken Island in the Hillsborough Bay, Anclote Key, Sand Key and Snake Key. . https   patch com florida carrollwood s hnk47 high levels red tide detected hillsborough pasco counties",2021-07-01 18:16:23
1410663937323024385,0,"Pinellas Park, FL","The FWC said the highest concentrations were found at Sunken Island in the Hillsborough Bay, Anclote Key, Sand Key and Snake Key. . https   patch com florida pinellasbeaches s hnk47 high levels red tide detected hillsborough pasco counties",2021-07-01 18:17:46
1410718029902663680,2,United States,"Welcome to Florida, home of lax building code enforcement, radioactive #PineyPoint ocean water, 
#RedTide in Tampa Bay &amp; the Gulf as far north as Pasco. The Florida dream is a Florida nightmare.

Concerns raised over red tide, dead fish in Tampa Bay . https   twitter com abcactionnews status 1410508472555278338",2021-07-01 21:52:42
1410904862251008006,4,,"High Levels Of Red Tide Detected In Hillsborough, Pasco Counties -  #GoogleAlerts. https   patch com florida southtampa high levels red tide detected hillsborough pasco counties",2021-07-02 10:15:07
1410909891498287107,1,,red tide at anclote key - The Hull Truth - Boating and Fishing Forum -  #GoogleAlerts. https   www thehulltruth com florida georgia 1171633 red tide anclote key html,2021-07-02 10:35:06
1410969414376304643,1,Florida,RT @FloridaIssues: red tide at anclote key - The Hull Truth - Boating and Fishing Forum -  #GoogleAlerts. https   www thehulltruth com florida georgia 1171633 red tide anclote key html,2021-07-02 14:31:37
1410969839666073601,3,Florida,"RT @FloridaIssues: High Levels Of Red Tide Detected In Hillsborough, Pasco Counties -  #GoogleAlerts. https   patch com florida southtampa high levels red tide detected hillsborough pasco counties",2021-07-02 14:33:18
1410971416602808327,3,North Florida,"RT @FloridaIssues: High Levels Of Red Tide Detected In Hillsborough, Pasco Counties -  #GoogleAlerts. https   patch com florida southtampa high levels red tide detected hillsborough pasco counties",2021-07-02 14:39:34
1410972782280777729,3,,"RT @FloridaIssues: High Levels Of Red Tide Detected In Hillsborough, Pasco Counties -  #GoogleAlerts. https   patch com florida southtampa high levels red tide detected hillsborough pasco counties",2021-07-02 14:45:00
1411110319884275716,0,"Tampa, Florida",Red Tide continues to take its toll on Tampa Bay waters - including those along St. Petersburg‚Äôs downtown. The latest from @wusf . https   wusfnews wusf usf edu environment 2021 07 02 red tide causing fish kills in pinellas pasco and hillsborough counties,2021-07-02 23:51:32
1411314705818439686,3,,"Red Tide Causing Fish Kills In Pinellas, Pasco And Hillsborough Counties -  #GoogleAlerts. https   wusfnews wusf usf edu environment 2021 07 02 red tide causing fish kills in pinellas pasco and hillsborough counties",2021-07-03 13:23:41
1411316404490493955,0,"Clearwater, FL","The worst of the Red Tide outbreaks in the Tampa Bay area are Tampa Bay itself, which has left scores of dead fish along the St. Petersburg &amp; Tampa waterfronts, &amp; the southwest coast of Pasco County, including Anclote Key: . https   tampabaytimes fl newsmemory com",2021-07-03 13:30:26
1411340660192460804,2,Florida,"RT @FloridaIssues: Red Tide Causing Fish Kills In Pinellas, Pasco And Hillsborough Counties -  #GoogleAlerts. https   wusfnews wusf usf edu environment 2021 07 02 red tide causing fish kills in pinellas pasco and hillsborough counties",2021-07-03 15:06:49
1411341791996092425,2,"Clearwater, FL","RT @FloridaIssues: Red Tide Causing Fish Kills In Pinellas, Pasco And Hillsborough Counties -  #GoogleAlerts. https   wusfnews wusf usf edu environment 2021 07 02 red tide causing fish kills in pinellas pasco and hillsborough counties",2021-07-03 15:11:19
1411634322373758976,1,SOHAPPYurSOJEALOUSInAnAtticLol,"RT @realBLOTUS: Welcome to Florida, home of lax building code enforcement, radioactive #PineyPoint ocean water, 
#RedTide in Tampa Bay &amp; the Gulf as far north as Pasco. The Florida dream is a Florida nightmare.

Concerns raised over red tide, dead fish in Tampa Bay . https   twitter com abcactionnews status 1410508472555278338",2021-07-04 10:33:44
1411675130078666761,0,,"Red Tide Causing Fish Kills In Pinellas, Pasco And Hillsborough Counties . https   wusfnews wusf usf edu environment 2021 07 02 red tide causing fish kills in pinellas pasco and hillsborough counties",2021-07-04 13:15:53
1411676123042402311,1,,. https   www google com amp s patch com florida southtampa amp 29652631 high levels of red tide detected in hillsborough pasco counties,2021-07-04 13:19:50
1411676549166809088,1,,"Attention: Red Tide Causing Fish Kills In Pinellas, Pasco And Hillsborough Counties . https   wusfnews wusf usf edu environment 2021 07 02 red tide causing fish kills in pinellas pasco and hillsborough counties",2021-07-04 13:21:31
1411682301688299525,1,,"RT @Stunned95005444: Attention: Red Tide Causing Fish Kills In Pinellas, Pasco And Hillsborough Counties . https   wusfnews wusf usf edu environment 2021 07 02 red tide causing fish kills in pinellas pasco and hillsborough counties",2021-07-04 13:44:23
1411682364607115265,1,,RT @Stunned95005444: . https   www google com amp s patch com florida southtampa amp 29652631 high levels of red tide detected in hillsborough pasco counties,2021-07-04 13:44:38
1411684413407219713,0,,"Be aware when traveling!  Red Tide Causing Fish Kills In Pinellas, Pasco And Hillsborough Counties . https   wusfnews wusf usf edu environment 2021 07 02 red tide causing fish kills in pinellas pasco and hillsborough counties",2021-07-04 13:52:46
1411684982335184901,0,,"Florida slammed with Red Tide Causing Fish Kills In Pinellas, Pasco And Hillsborough Counties . https   wusfnews wusf usf edu environment 2021 07 02 red tide causing fish kills in pinellas pasco and hillsborough counties",2021-07-04 13:55:02
1413562899394596872,0,,@jpalmiotti It‚Äôs moving north as well. Aunt and Uncle live in New Port Richey and they are having issues with red tide at their beach.. ,2021-07-09 18:17:12
1413969287107203075,0,lately near NYC,"The organism that causes red tide has been found in 53 places along the Gulf Coast in the past week. High concentrations were found in 27 samples. Of those, 12 were found in Pinellas; eight in Hillsborough; six in Pasco and one in Sarasota County

. https   wusfnews wusf usf edu environment 2021 07 09 tampa bay is floridas epicenter of red tide",2021-07-10 21:12:02
1414212467593461764,2,"Port St John, FL",Beach hazards are in place and people should not go in the water at Pinellas County Beaches. Red tide can cause respiratory sicknesses. Pasco &amp; Hillsborough counties have also reported fish kills in the past 10 days. ‚Ä¶/2. ,2021-07-11 13:18:21
1415634246446632970,3,"Tampa, FL","Fish kills from red tide continue to pollute the waters around downtown St. Petersburg, and smaller die-offs were reported in Pasco, Hillsborough, Manatee and Sarasota counties.
. https   wusfnews wusf usf edu environment 2021 07 14 fwc report finds lingering high concentrations of red tide in tampa bay",2021-07-15 11:28:00
1415634375467692041,1,TPA ‚úàÔ∏è  SF,"RT @wusf: Fish kills from red tide continue to pollute the waters around downtown St. Petersburg, and smaller die-offs were reported in Pasco, Hillsborough, Manatee and Sarasota counties.
. https   wusfnews wusf usf edu environment 2021 07 14 fwc report finds lingering high concentrations of red tide in tampa bay",2021-07-15 11:28:30
1415770645154177035,1,"Tampa, FL",.@MyFWC researchers found red tide in 107 samples from Pasco County south to Sarasota County as fish kills continue around downtown St. Petersburg and throughout the waters of Tampa Bay.  . https   health wusf usf edu health news florida 2021 07 15 fwc report finds lingering high concentrations of red tide in tampa bay,2021-07-15 20:30:00
1416849272566423556,2,"St Petersburg, FL","Anecdotally, the red tide feels like it‚Äôs creeping north and the proof is in the pudding; FWC shows the red tide concentrations increasing in severity and pushing up to the Pasco County line (2/5). ",2021-07-18 19:56:05
1416883307573350407,6,"Columbus, OH","Scallop season is underway in Pasco County! Luckily, red tide isn‚Äôt causing too many problems for people out here right now. @MyFWC recommends staying away from areas with med-high concentrations. You can check all that on their daily sampling maps on  . https   www abcactionnews com. https   twitter com McKennaKingTV status 1416883307573350407 photo 1",2021-07-18 22:11:19
1416892711588831233,2,"Columbus, OH",Fresh catch from some local hunters from today! . https   twitter com McKennaKingTV status 1416892711588831233 video 1,2021-07-18 22:48:41
1417114502064222208,1,Tampa,"Scallop season is well underway in Pasco County, drawing in locals and tourists alike. . https   www abcactionnews com news region pasco scallop season gets underway in pasco county fwc recommends monitoring red tide samples",2021-07-19 13:30:00
1417119168965582850,1,"Florida, USA",@McKennaKingTV @MyFWC Are they contaminated?  Water is nasty! Red tide is killing everything.. ,2021-07-19 13:48:33
1417178676819632128,2,"Columbus, OH",@alfadeco23 @MyFWC FWC says you‚Äôre good as long as you stay away from areas with med-high concentration of the algae. So you do have to be careful about where you‚Äôre going.. ,2021-07-19 17:45:01
1417189287381045261,0,"Florida, USA",@McKennaKingTV @MyFWC Thanks for your answer. üíê. ,2021-07-19 18:27:10
1417605248768688128,10,Tampa Bay area,"While FWC says red tide blooms are detected off the coast of Pasco, including the popular spot of Anclote Key, it‚Äôs not affecting scalloping much at all. @TimWronka¬†went there to see how it's going. . https   www baynews9 com fl tampa news 2021 07 20 despite red tide concerns  scalloping is back in pasco county",2021-07-20 22:00:03
1417606188120817687,3,"Tampa, FL","RT @BN9: While FWC says red tide blooms are detected off the coast of Pasco, including the popular spot of Anclote Key, it‚Äôs not affecting scalloping much at all. @TimWronka¬†went there to see how it's going. . https   www baynews9 com fl tampa news 2021 07 20 despite red tide concerns  scalloping is back in pasco county",2021-07-20 22:03:47
1417607204627226626,3,"Tampa, FL","RT @BN9: While FWC says red tide blooms are detected off the coast of Pasco, including the popular spot of Anclote Key, it‚Äôs not affecting scalloping much at all. @TimWronka¬†went there to see how it's going. . https   www baynews9 com fl tampa news 2021 07 20 despite red tide concerns  scalloping is back in pasco county",2021-07-20 22:07:50
1417620986812420104,0,,"Despite red tide concerns, scalloping is back in Pasco County -  #GoogleAlerts. https   www baynews9 com fl tampa news 2021 07 20 despite red tide concerns  scalloping is back in pasco county",2021-07-20 23:02:36
1417642319357095941,3,"Tampa, FL","RT @BN9: While FWC says red tide blooms are detected off the coast of Pasco, including the popular spot of Anclote Key, it‚Äôs not affecting scalloping much at all. @TimWronka¬†went there to see how it's going. . https   www baynews9 com fl tampa news 2021 07 20 despite red tide concerns  scalloping is back in pasco county",2021-07-21 00:27:22
1417990203453714437,0,USA,"High levels of #redtide are still being reported from Pasco to Sarasota counties. Fishkill cleanups are approaching 1,000 tons.
. https   www wmnf org florida fisherman tv host accuses florida gov and fish and wildlife chief of downplaying red tide for profit",2021-07-21 23:29:44
1418222817355653120,3,,"More great coverage of our scalloping season from @TimWronka and @BN9. Check out that awesome scalloping B-roll we shot last weekend! #FLSportsCoast #SportsCoastScalloping

. https   www baynews9 com fl tampa news 2021 07 20 despite red tide concerns  scalloping is back in pasco countyhttps   www baynews9 com fl tampa news 2021 07 20 despite red tide concerns  scalloping is back in pasco county",2021-07-22 14:54:03
1418223310291161091,2,,"RT @FLSportsCoast: More great coverage of our scalloping season from @TimWronka and @BN9. Check out that awesome scalloping B-roll we shot last weekend! #FLSportsCoast #SportsCoastScalloping

. https   www baynews9 com fl tampa news 2021 07 20 despite red tide concerns  scalloping is back in pasco countyhttps   www baynews9 com fl tampa news 2021 07 20 despite red tide concerns  scalloping is back in pasco county",2021-07-22 14:56:01
1418223803096653825,2,"Tampa, FL","RT @FLSportsCoast: More great coverage of our scalloping season from @TimWronka and @BN9. Check out that awesome scalloping B-roll we shot last weekend! #FLSportsCoast #SportsCoastScalloping

. https   www baynews9 com fl tampa news 2021 07 20 despite red tide concerns  scalloping is back in pasco countyhttps   www baynews9 com fl tampa news 2021 07 20 despite red tide concerns  scalloping is back in pasco county",2021-07-22 14:57:58
1418732881657073667,0,"Clearwater, FL","High levels were found at Anclote Key, John's Pass Park Beach, Pass-A-Grille Beach, Madeira Beach, Treasure Island and Indian Rocks Beach. . https   patch com florida clearwater weather service issues red tide hazard statement beach goers",2021-07-24 00:40:52
1418736523881689089,0,"Largo, FL","High levels were found at Anclote Key, John's Pass Park Beach, Pass-A-Grille Beach, Madeira Beach, Treasure Island and Indian Rocks Beach. . https   patch com florida largo s houex weather service issues red tide hazard statement beach goers",2021-07-24 00:55:20
1418736523684499465,0,"Safety Harbor, FL","High levels were found at Anclote Key, John's Pass Park Beach, Pass-A-Grille Beach, Madeira Beach, Treasure Island and Indian Rocks Beach. . https   patch com florida safetyharbor s houex weather service issues red tide hazard statement beach goers",2021-07-24 00:55:20
1418736523206434817,0,"Dunedin, FL","High levels were found at Anclote Key, John's Pass Park Beach, Pass-A-Grille Beach, Madeira Beach, Treasure Island and Indian Rocks Beach. . https   patch com florida dunedin s houex weather service issues red tide hazard statement beach goers",2021-07-24 00:55:20
1418736521826418689,0,"East Lake, FL","High levels were found at Anclote Key, John's Pass Park Beach, Pass-A-Grille Beach, Madeira Beach, Treasure Island and Indian Rocks Beach. . https   patch com florida eastlake s houex weather service issues red tide hazard statement beach goers",2021-07-24 00:55:20
1418736521583153155,1,"Gulfport, FL","High levels were found at Anclote Key, John's Pass Park Beach, Pass-A-Grille Beach, Madeira Beach, Treasure Island and Indian Rocks Beach. . https   patch com florida gulfport s houex weather service issues red tide hazard statement beach goers",2021-07-24 00:55:20
1418736530324131840,0,"Tarpon Springs, FL","High levels were found at Anclote Key, John's Pass Park Beach, Pass-A-Grille Beach, Madeira Beach, Treasure Island and Indian Rocks Beach. . https   patch com florida tarponsprings s houex weather service issues red tide hazard statement beach goers",2021-07-24 00:55:22
1418737221692272642,1,"Gulfport, FL","RT @GulfportPatch: High levels were found at Anclote Key, John's Pass Park Beach, Pass-A-Grille Beach, Madeira Beach, Treasure Island and Indian Rocks Beach. . https   patch com florida gulfport s houex weather service issues red tide hazard statement beach goers",2021-07-24 00:58:07
1418737831724425216,1,"Palm Harbor, FL","High levels were found at Anclote Key, John's Pass Park Beach, Pass-A-Grille Beach, Madeira Beach, Treasure Island and Indian Rocks Beach. . https   patch com florida palmharbor s houex weather service issues red tide hazard statement beach goers",2021-07-24 01:00:32
1418738886105210885,1,"Palm Harbor, Florida","RT @PalmHarborPatch: High levels were found at Anclote Key, John's Pass Park Beach, Pass-A-Grille Beach, Madeira Beach, Treasure Island and Indian Rocks Beach. . https   patch com florida palmharbor s houex weather service issues red tide hazard statement beach goers",2021-07-24 01:04:43
1418740287506112514,0,"Pinellas Park, FL","High levels were found at Anclote Key, John's Pass Park Beach, Pass-A-Grille Beach, Madeira Beach, Treasure Island and Indian Rocks Beach. . https   patch com florida pinellasbeaches s houex weather service issues red tide hazard statement beach goers",2021-07-24 01:10:18
1420700734459420673,1,"Punta Gorda, Florida","Red Tide Decreasing In Tampa Bay; Increasing Along Gulf Beaches. Fish kills have been reported the past week along beaches in Pasco, Pinellas, Hillsborough, Manatee and Sarasota counties. | WUSF  @wusf . https   wusfnews wusf usf edu environment 2021 07 28 red tide decreasing in tampa bay increasing along gulf beaches. https   twitter com tstanfield status 1420700734459420673 photo 1",2021-07-29 11:00:25
1421581399673425920,0,"Fort Myers, Florida","RED TIDE UPDATE: Suspected red tide-related respiratory irritation was reported in Lee, Manatee, Pasco, Pinellas, and Sarasota Counties. If you are sensitive to red tide, you may want to wear a mask to reduce the risk of respiratory irritation.

. https   news wgcu org 2021 02 11 red tide report",2021-07-31 21:19:52
1422520879859240960,6,,"On Florida‚Äôs Gulf Coast, fish kills suspected to be related to red tide were reported in Hernando, Pasco, Pinellas, Hillsborough, Manatee, Sarasota, Charlotte, Lee, and Collier counties over the past week. For more details, please visit:  . https   www tampabay com news environment 2021 07 24 red tide suspected as manatees deaths pile up in tampa bay",2021-08-03 11:33:01
1422521018766270484,2,Swamps south of Cowford FL.,"RT @EdTruman3: On Florida‚Äôs Gulf Coast, fish kills suspected to be related to red tide were reported in Hernando, Pasco, Pinellas, Hillsborough, Manatee, Sarasota, Charlotte, Lee, and Collier counties over the past week. For more details, please visit:  . https   www tampabay com news environment 2021 07 24 red tide suspected as manatees deaths pile up in tampa bay",2021-08-03 11:33:34
1422544880866312202,2,"Central Florida, USA","RT @EdTruman3: On Florida‚Äôs Gulf Coast, fish kills suspected to be related to red tide were reported in Hernando, Pasco, Pinellas, Hillsborough, Manatee, Sarasota, Charlotte, Lee, and Collier counties over the past week. For more details, please visit:  . https   www tampabay com news environment 2021 07 24 red tide suspected as manatees deaths pile up in tampa bay",2021-08-03 13:08:23
1423058994294398976,8,"Tampa, FL","Toxic #redtide blooms are persisting off of #Florida's #GulfCoast along #Pasco, #Pinellas, #Manatee, #Sarasota, #Charlotte and #Lee counties. Although, they are no longer moving north and may be actually receding from the northwest. @wusf . https   wusfnews wusf usf edu environment 2021 08 04 while red tide blooms persist they dont seem to be spreading north",2021-08-04 23:11:18
1423059256803303426,5,"Chapel Hill, NC","RT @JMMeszaros: Toxic #redtide blooms are persisting off of #Florida's #GulfCoast along #Pasco, #Pinellas, #Manatee, #Sarasota, #Charlotte and #Lee counties. Although, they are no longer moving north and may be actually receding from the northwest. @wusf . https   wusfnews wusf usf edu environment 2021 08 04 while red tide blooms persist they dont seem to be spreading north",2021-08-04 23:12:20
1423063642270965762,5,"Palm Harbor, FL","RT @JMMeszaros: Toxic #redtide blooms are persisting off of #Florida's #GulfCoast along #Pasco, #Pinellas, #Manatee, #Sarasota, #Charlotte and #Lee counties. Although, they are no longer moving north and may be actually receding from the northwest. @wusf . https   wusfnews wusf usf edu environment 2021 08 04 while red tide blooms persist they dont seem to be spreading north",2021-08-04 23:29:46
1423080409768857604,5,"New York, USA","RT @JMMeszaros: Toxic #redtide blooms are persisting off of #Florida's #GulfCoast along #Pasco, #Pinellas, #Manatee, #Sarasota, #Charlotte and #Lee counties. Although, they are no longer moving north and may be actually receding from the northwest. @wusf . https   wusfnews wusf usf edu environment 2021 08 04 while red tide blooms persist they dont seem to be spreading north",2021-08-05 00:36:23
1423119086444232704,5,Florida,"RT @JMMeszaros: Toxic #redtide blooms are persisting off of #Florida's #GulfCoast along #Pasco, #Pinellas, #Manatee, #Sarasota, #Charlotte and #Lee counties. Although, they are no longer moving north and may be actually receding from the northwest. @wusf . https   wusfnews wusf usf edu environment 2021 08 04 while red tide blooms persist they dont seem to be spreading north",2021-08-05 03:10:05
1423513030504030209,5,Chillin out at the beach ,"RT @JMMeszaros: Toxic #redtide blooms are persisting off of #Florida's #GulfCoast along #Pasco, #Pinellas, #Manatee, #Sarasota, #Charlotte and #Lee counties. Although, they are no longer moving north and may be actually receding from the northwest. @wusf . https   wusfnews wusf usf edu environment 2021 08 04 while red tide blooms persist they dont seem to be spreading north",2021-08-06 05:15:28
1426283851890888706,0,"Fort Myers, Florida","RED TIDE UPDATE: Suspected red tide-related fish kills were reported in Charlotte, Hernando, Manatee, Pasco, Pinellas, and Sarasota Counties, and suspected #redtide-related respiratory irritation was reported in Charlotte, Manatee, Pinellas and Sarasota. . https   news wgcu org 2021 02 11 red tide report",2021-08-13 20:45:44
1428106427487465481,5,"Tampa, Florida","The red tide organism, Karenia brevis, was observed along Pasco, Pinellas, Manatee and Sarasota counties.
. https   www wtsp com article news red tide red tide remains present in the tampa bay area 67 d76ffdfc c2d2 4593 a9e4 211be6d1bbc6",2021-08-18 21:27:59
1428113279482834954,0,"North Carolina, USA",@10TampaBay damn Fred didn‚Äôt get close enough to clear it out either?. ,2021-08-18 21:55:13
1428345356987682821,1,"Fort Myers, Florida",".@MyFWC  reports a ""patchy bloom"" of #redtide in Hernando, Pasco, Pinellas, Hillsborough, as well as in Sarasota and Manatee counties. 2/ #swfl 
. https   news wgcu org 2021 02 11 red tide report",2021-08-19 13:17:25
1428345792595693572,1,"Bay Minette, AL","RT @wgcu: .@MyFWC  reports a ""patchy bloom"" of #redtide in Hernando, Pasco, Pinellas, Hillsborough, as well as in Sarasota and Manatee counties. 2/ #swfl 
. https   news wgcu org 2021 02 11 red tide report",2021-08-19 13:19:08
1428822773120471042,0,"Tampa, FL","A weekly report from @MyFWC showed high concentrations of #redtide offshore in Pasco County and along the coast of Madeira Beach in Pinellas and near several beaches in Sarasota, including Venice Beach and Manasota Beach.
. https   wusfnews wusf usf edu environment 2021 08 20 high concentrations of red tide lingering along some beaches in tampa bay area",2021-08-20 20:54:30
1430626763680321541,0,"Fort Myers, Florida","Florida Fish and Wildlife also reports a ""patchy bloom"" of #redtide in Hernando, Pasco, Pinellas, Hillsborough, as well as in Sarasota and Manatee counties. Increased fish kills suspected to be related to red tide were also reported.  #swfl . https   news wgcu org 2021 02 11 red tide report",2021-08-25 20:22:54
1438625188229390340,0,,"@TB_Times Pasco can‚Äôt even keep up on utilities for their current residents and just dumped 18 MILLION gallons of wastewater into our Gulf even tho we‚Äôve suffocated from Red Tide since MAY‚Ä¶STOP expanding past your competence &amp; resources, Pasco! You‚Äôre killing everything we love about FL!. ",2021-09-16 22:05:47
1439197616567308291,4,"Tampa, FL","Medium to high concentrations of red tide are still being found off the coasts of Pinellas and Pasco counties.

. https   wusfnews wusf usf edu environment 2021 09 17 ride tide still being reported off gulf beaches",2021-09-18 12:00:25
1439197642823593984,0,"Palm Harbor, FL","Medium to high concentrations of red tide are still being found off the coasts of Pinellas and Pasco counties.

. https   wusfnews wusf usf edu environment 2021 09 17 ride tide still being reported off gulf beaches",2021-09-18 12:00:31
1439198559992225792,2,"Florida, USA","RT @wusf: Medium to high concentrations of red tide are still being found off the coasts of Pinellas and Pasco counties.

. https   wusfnews wusf usf edu environment 2021 09 17 ride tide still being reported off gulf beaches",2021-09-18 12:04:10
1439213755263557637,2,,"RT @wusf: Medium to high concentrations of red tide are still being found off the coasts of Pinellas and Pasco counties.

. https   wusfnews wusf usf edu environment 2021 09 17 ride tide still being reported off gulf beaches",2021-09-18 13:04:33
1446577656473038848,5,"St Petersburg, FL","How about #RedTide? 

From @MyFWC, blooms were found in 47 samples this past week: 

16 in + offshore of Pinellas
11 in Sarasota County
5 in + offshore of Pasco
5 in Manatee County
5 in + offshore Franklin County
2 offshore of Dixie
2 off Levy
1 in Charlotte

(none on east coast). ",2021-10-08 20:46:04
1446581596874752005,1,Florida,"RT @MaxChesnes: How about #RedTide? 

From @MyFWC, blooms were found in 47 samples this past week: 

16 in + offshore of Pinellas
11 in Sarasota County
5 in + offshore of Pasco
5 in Manatee County
5 in + offshore Franklin County
2 offshore of Dixie
2 off Levy
1 in Charlotte

(none on east coast). ",2021-10-08 21:01:43
1545144534790807553,3,"Florida, USA","A ‚Äúsudden‚Äù leak in Piney Point causes massive red tide in 2021. ‚ÄúSuddenly‚Äù thousands of giant African land snails end up in Pasco County in 2022 after being completely eradicated last year. Yep, completely normal stuff. . https   twitter com florida_grand status 1545144534790807553 photo 1",2022-07-07 20:35:39
1545166551577411584,1,Your mind,"RT @florida_grand: A ‚Äúsudden‚Äù leak in Piney Point causes massive red tide in 2021. ‚ÄúSuddenly‚Äù thousands of giant African land snails end up in Pasco County in 2022 after being completely eradicated last year. Yep, completely normal stuff. . https   twitter com florida_grand status 1545144534790807553 photo 1",2022-07-07 22:03:08
1608074210731073536,5,,@SeeYaDudeBrand Debating risk in NEW PORT RICHEY fl red tide seems risky. ,2022-12-28 12:15:43
